query,vol,kd,kd_source,cpc,sources,pillar
weight loss injections,165000,29,dfs,18.75,csv,unassigned
blood work test,49500,33,dfs,5.39,backlog,
blood work tests,49500,40,dfs,5.39,backlog,
vitamin d deficiency,49500,37,dfs,1.02,csv,pillar-A
blood test,49500,10,dfs,5.39,csv,pillar-D
manopause,49500,10,dfs,1.73,csv,pillar-E
vitamin d deficiency disease,49500,40,dfs,1.02,discovery,
hba1c,40500,22,dfs,2.49,csv,pillar-I
vitamin d deficiency disease symptoms,33100,71,dfs,0.93,discovery,
blood for crp test,27100,7,dfs,1.84,backlog,
crp blood test,27100,11,dfs,1.84,csv,pillar-D
ferritin,27100,12,dfs,1.56,csv,pillar-D
blood test c reactive protein crp,27100,42,dfs,1.84,discovery,
blood work crp test,27100,27,dfs,1.84,discovery,
test testosterone,22200,8,dfs,8.21,backlog,
testosterone tests,22200,7,dfs,8.21,backlog,
testosterone testing,22200,8,dfs,8.21,backlog,
fatigue,22200,63,dfs,1.54,csv,pillar-B
serum ferritin,22200,19,dfs,1.49,csv,pillar-D
vitamin d supplement,22200,38,dfs,1.77,discovery,
fbc blood test,18100,9,dfs,3.32,csv,pillar-D
inflammation,18100,68,dfs,2.79,csv,pillar-G
liver function blood test,18100,18,dfs,3.2,csv,pillar-H
visceral fat,18100,55,dfs,2.57,csv,kit-3-plus-hook
ferritin count,18100,36,dfs,2.4,discovery,
full blood count check,18100,9,dfs,3.32,discovery,
blood work test for liver function,18100,22,dfs,3.2,discovery,
lab test liver function,18100,30,dfs,3.2,discovery,
hba1c test,18100,25,dfs,2.09,discovery,
what foods are highest in iron,14800,37,dfs,0.08,backlog,
why am i always tired,14800,35,dfs,1.6,csv,pillar-B
how to increase testosterone,14800,29,dfs,2.84,csv,pillar-C
how to enhance testosterone,14800,29,dfs,2.84,csv,pillar-C
brain fog,14800,33,dfs,2.48,csv,kit-2-hook
why am i always tired all the time,14800,26,dfs,1.6,discovery,
why an i always tired,14800,53,dfs,1.6,discovery,
function test liver,14800,44,dfs,2.97,discovery,
blood work test near me,12100,0,dfs,4.08,backlog,
forth,12100,30,dfs,3.59,backlog,
mchc blood test,12100,0,dfs,3.22,backlog,
blood test mchc,12100,0,dfs,3.22,backlog,
count of lymphocytes,12100,9,dfs,,backlog,
why am i so tired all the time,12100,20,dfs,2.88,csv,pillar-B
esr blood test,12100,34,dfs,2.12,csv,pillar-D
ferritin serum level,12100,22,dfs,1.59,discovery,
male with low testosterone symptoms,12100,59,dfs,7.23,discovery,
signs low testosterone man,12100,60,dfs,7.23,discovery,
nhs health check,12100,1,dfs,2.04,discovery,
hormonal imbalancement,9900,39,dfs,2.12,backlog,
imbalance hormones,9900,39,dfs,2.12,backlog,
imbalanced hormones,9900,39,dfs,2.12,backlog,
what is cholesterol,9900,58,dfs,0.77,backlog,
blood analysis mch,9900,0,dfs,5.37,backlog,
blood test mean corpuscular hemoglobin,9900,11,dfs,5.37,backlog,
low vitamin d symptoms,9900,22,dfs,0.83,csv,pillar-A
how much vitamin d3 should i take daily,9900,37,dfs,0.89,csv,pillar-A
feeling tired all the time,9900,43,dfs,2.12,csv,pillar-B
tired all the time,9900,43,dfs,2.12,csv,pillar-B
cholesterol test,9900,26,dfs,0.94,csv,pillar-I
bilirubin levels,8100,41,dfs,1.3,backlog,
high cortisol level,8100,55,dfs,0.96,backlog,
serum gamma gt level,8100,4,dfs,0.92,backlog,
mean cell hemoglobin,8100,18,dfs,,backlog,
corpuscular haemoglobin,8100,2,dfs,,backlog,
mean corpuscular haemoglobin,8100,0,dfs,,backlog,
mcv test,8100,0,dfs,3.4,backlog,
m c v test,8100,0,dfs,3.4,backlog,
why am i extremely exhausted,8100,43,dfs,2.09,csv,pillar-B
chronic fatigue and exhaustion,8100,,dfs,1.84,csv,pillar-B
why do i feel tired all the time,8100,24,dfs,1.25,csv,pillar-B
why am i so tired,8100,43,dfs,2.09,csv,pillar-B
full blood count,8100,26,dfs,4.99,csv,pillar-D
ferritin blood test,8100,12,dfs,2.64,csv,pillar-D
psa blood test,8100,48,dfs,2.31,csv,future-kit-prostate
bupa health check,8100,0,dfs,1.73,discovery,
cortisol test,6600,12,dfs,1.77,backlog,
crp test test,6600,10,dfs,1.57,backlog,
ggt blood test,6600,10,dfs,1.95,backlog,
triglyceride levels,6600,33,dfs,1.34,backlog,
mean cell hemoglobin concentration,6600,7,dfs,,backlog,
mean corpuscular hemoglobin concentration,6600,18,dfs,,backlog,
cholesterol levels by age chart,6600,33,dfs,1.65,backlog,
haematocrit pcv low,6600,10,dfs,0.4,backlog,
blood test ggt,6600,20,dfs,1.95,backlog,
14 signs of vitamin d deficiency,6600,9,dfs,1.15,csv,pillar-A
best vitamin d supplement,6600,2,dfs,2.28,csv,pillar-A
exhausted fatigue symptoms,6600,,dfs,1.39,csv,pillar-B
how to boost testosterone,6600,26,dfs,3.13,csv,pillar-C
crp levels,6600,46,dfs,0.79,csv,pillar-D
how much crp level is dangerous,6600,10,dfs,0.58,csv,pillar-D
how much c reactive protein level is dangerous,6600,43,dfs,0.58,csv,pillar-D
thyroid test,6600,10,dfs,2.81,csv,pillar-J
ferritin saturation,6600,11,dfs,2.42,discovery,
how long do blood test results take,6600,0,dfs,11.01,discovery,
serum total bilirubin level,5400,34,dfs,,backlog,
serum total bilirubin levels,5400,33,dfs,,backlog,
liver function,5400,62,dfs,1.49,backlog,
bicarbonate,5400,8,dfs,0.99,backlog,
mean corpuscular concentration,5400,1,dfs,4.61,backlog,
mean corpusc hb conc mchc,5400,0,dfs,4.61,backlog,
what is ferritin,5400,40,dfs,0.75,backlog,
lab test hemoglobin,5400,15,dfs,2.82,backlog,
why am i tired all the time,5400,35,dfs,2.04,csv,pillar-B
lipid blood test,5400,26,dfs,2.97,csv,pillar-I
low on testosterone,5400,31,dfs,8.85,discovery,
folate b9,4400,69,dfs,1.47,backlog,
mean cell hemoglobin level,4400,11,dfs,3.02,backlog,
monthly hormone cycle,4400,42,dfs,1.61,backlog,
na serum levels,4400,14,dfs,1.66,backlog,
alp blood test,4400,10,dfs,3.53,backlog,
blood test alp,4400,14,dfs,3.53,backlog,
cholesterol uk levels,4400,19,dfs,1.1,backlog,
cortisol reduction,4400,32,dfs,1.23,backlog,
lab test alkaline phosphatase,4400,14,dfs,3.53,backlog,
vitamin d benefits,4400,62,dfs,0.73,csv,pillar-A
cause of tiredness and lack of energy,4400,67,dfs,2.64,csv,pillar-B
extreme fatigue,4400,63,dfs,2.69,csv,pillar-B
what is inflammation,4400,50,dfs,4.27,csv,pillar-G
how to reduce inflammation in the body,4400,49,dfs,0.71,csv,pillar-G
what is crp blood test,4400,21,dfs,0.69,csv,pillar-D
crp normal value range,4400,,dfs,4.47,csv,pillar-D
ferritin normal value,4400,9,dfs,0.67,discovery,
ferritin range normal,4400,20,dfs,0.67,discovery,
ferritin level elevated,4400,9,dfs,11,discovery,
low ferritin level,4400,40,dfs,1.57,discovery,
high ferritin level,4400,28,dfs,11,discovery,
low ferritin,4400,40,dfs,1.41,discovery,
ferritin serum high,4400,35,dfs,11,discovery,
what is dangerously low ferritin levels,4400,40,dfs,1.22,discovery,
ferritin normal levels,4400,13,dfs,0.67,discovery,
cholesterol profile test,4400,42,dfs,2.69,discovery,
brain fog symptom,4400,30,dfs,1.58,discovery,
allergy screen blood test,3600,11,dfs,4.45,backlog,
testos blood test,3600,8,dfs,11.5,backlog,
testosterone on blood test,3600,8,dfs,11.5,backlog,
blood testing testosterone,3600,8,dfs,11.5,backlog,
hormone tests,3600,0,dfs,4.02,backlog,
creatinine on blood test,3600,41,dfs,2.59,backlog,
cre blood test,3600,46,dfs,2.59,backlog,
free androgen index,3600,0,dfs,,backlog,
sources of vitamin b12,3600,43,dfs,0.32,backlog,
hct pcv high,3600,15,dfs,,backlog,
haematocrit pcv high,3600,9,dfs,,backlog,
hiv test kit,3600,9,dfs,1.71,backlog,
vitamin deficiency,3600,43,dfs,1.59,backlog,
best time to take vitamin d,3600,19,dfs,0.89,csv,pillar-A
b12 blood test,3600,12,dfs,2.2,csv,pillar-D
what is crp,3600,42,dfs,0.47,csv,pillar-D
cholesterol blood test,3600,25,dfs,2.58,csv,pillar-I
prostate blood test,3600,49,dfs,2.49,csv,future-kit-prostate
liver function test high,3600,51,dfs,3.69,discovery,
how to improve ferritin levels,3600,4,dfs,0.95,discovery,
how to increase ferritin levels,3600,0,dfs,0.95,discovery,
how to boost ferritin levels,3600,23,dfs,0.95,discovery,
what is dangerously high ferritin levels symptoms,3600,43,dfs,0.34,discovery,
how to raise ferritin levels,3600,0,dfs,0.95,discovery,
how to increase ferritin,3600,10,dfs,0.95,discovery,
blood test crp meaning,3600,42,dfs,1.78,discovery,
blood test results,3600,0,dfs,4.14,discovery,
converter hba1c,3600,14,dfs,2.22,discovery,
full body mot health check,3600,4,dfs,3.78,discovery,
blood lab test results,3600,47,dfs,4.14,discovery,
blood work test results,3600,22,dfs,4.14,discovery,
nhs blood test results,3600,0,dfs,,discovery,
mpv blood test,2900,22,dfs,,backlog,
home blood analysis,2900,7,dfs,5.43,backlog,
home blood testing,2900,0,dfs,5.43,backlog,
home blood tests,2900,0,dfs,5.43,backlog,
blood test cortisol,2900,14,dfs,2.42,backlog,
natural glp 1,2900,14,dfs,2.75,backlog,
amrap,2900,10,dfs,,backlog,
best vitamin d supplement uk,2900,6,dfs,1.88,backlog,
blood analysis at home,2900,0,dfs,5.43,backlog,
blood test from home,2900,2,dfs,5.43,backlog,
blood tests at home,2900,9,dfs,5.43,backlog,
bmi winterbourne hospital,2900,0,dfs,3.27,backlog,
cortisol blood test,2900,7,dfs,2.42,backlog+csv,future-kit-cortisol
blood test at home,2900,8,dfs,5.43,backlog,
home.blood test,2900,7,dfs,5.43,backlog,
serum bilirubin level,2900,34,dfs,,backlog,
symptoms of hormonal imbalance,2900,24,dfs,2.13,backlog,
home cholesterol tests,2900,0,dfs,0.58,backlog,
hemoglobin concentration high,2900,39,dfs,,backlog,
healthy cholesterol range uk,2900,27,dfs,1.55,backlog,
blood test mpv,2900,22,dfs,,backlog,
normal cholesterol range uk,2900,19,dfs,1.55,backlog,
mpv fl blood test,2900,22,dfs,,backlog,
mpv lab test,2900,22,dfs,,backlog,
mpv on blood test,2900,22,dfs,,backlog,
blood report mpv,2900,22,dfs,,backlog,
at home blood test,2900,0,dfs,5.43,backlog,
at home blood tests,2900,0,dfs,5.43,backlog,
at home blood testing,2900,0,dfs,5.43,backlog,
what is mpv blood test,2900,12,dfs,,backlog,
what is an mpv blood test,2900,22,dfs,,backlog,
chronic inflammation,2900,46,dfs,2,csv,pillar-G
male hair thinning,2900,4,dfs,12.3,csv,programmatic-symptoms
inflammatory markers,2900,27,dfs,2.85,csv,pillar-G
liver function test results,2900,18,dfs,1.61,csv,pillar-H
low sex drive,2900,42,dfs,3.04,csv,kit-1-hook
vitamin a b c d e k deficiency,2900,58,dfs,1.52,discovery,
vitamin a d e k deficiency,2900,21,dfs,1.52,discovery,
ferritin supplement,2900,5,dfs,1.31,discovery,
high ferritin,2900,11,dfs,0.33,discovery,
ferritin elevated,2900,28,dfs,0.33,discovery,
ferritin test,2900,5,dfs,2.15,discovery,
ferritin elevation,2900,5,dfs,0.33,discovery,
what is tested in a full blood count,2900,10,dfs,1.13,discovery,
what are full blood count test,2900,22,dfs,1.13,discovery,
amrap meaning,2400,0,dfs,,backlog,
how to test testosterone levels,2400,6,dfs,7.96,backlog,
how to test level of testosterone,2400,13,dfs,7.96,backlog,
bilirubin normal value,2400,1,dfs,,backlog,
bilirubin healthy range,2400,21,dfs,,backlog,
hormones blood test,2400,1,dfs,4.65,backlog,
bilirubin normal levels,2400,34,dfs,,backlog,
what are triglycerides,2400,33,dfs,0.32,backlog,
transferrin saturation index,2400,0,dfs,,backlog,
what level of alkaline phosphatase is dangerous,2400,21,dfs,,backlog,
sodium level,2400,50,dfs,,backlog,
na levels,2400,24,dfs,,backlog,
transferrin saturation low,2400,1,dfs,2.55,backlog,
cholesterol screening kits,2400,0,dfs,0.59,backlog,
gamma gt high,2400,9,dfs,0.02,backlog,
gamma-gt high,2400,0,dfs,0.02,backlog,
blood test neutrophils,2400,0,dfs,,backlog,
neutrophils blood test,2400,4,dfs,,backlog,
what is haemoglobin blood test,2400,24,dfs,,backlog,
how to eliminate cortisol naturally,2400,48,dfs,0.73,backlog,
inflammation marker blood test,2400,27,dfs,2.41,backlog,
neut blood test,2400,8,dfs,,backlog,
cholesterol kit test,2400,0,dfs,0.59,backlog,
cholesterol screening kit,2400,0,dfs,0.59,backlog,
blood test mchc low,2400,0,dfs,,backlog,
how to decrease cortisol,2400,48,dfs,0.81,backlog,
inflammation markers blood test,2400,22,dfs,2.41,backlog,
cholesterol measurement kit,2400,11,dfs,0.59,backlog,
cholesterol test kit,2400,0,dfs,0.59,backlog,
normal bilirubin level,2400,2,dfs,,backlog,
normal bilirubin levels,2400,34,dfs,,backlog,
vitamin d blood test,2400,15,dfs,2.43,csv,pillar-A
inflammatory markers blood test,2400,22,dfs,2.41,csv,pillar-G
inflammation in the body,2400,25,dfs,1.21,csv,pillar-G
urea and electrolytes test,2400,0,dfs,3.48,csv,future-kit-kidney
collagen for men,2400,6,dfs,2.9,csv,supplement-collagen
vitamin d test,2400,8,dfs,1.61,discovery,
weird symptoms of vitamin d deficiency,2400,33,dfs,0.22,discovery,
always tired,2400,35,dfs,1.94,discovery,
vitamin d and magnesium deficiency,2400,32,dfs,1.33,discovery,
always feeling tired,2400,35,dfs,2.21,discovery,
always tired and fatigued,2400,63,dfs,1.94,discovery,
always tired fatigue,2400,35,dfs,1.94,discovery,
lack of energy always tired,2400,66,dfs,1.94,discovery,
always tired all the time,2400,65,dfs,1.94,discovery,
why do i always feel tired,2400,63,dfs,1.86,discovery,
lack of energy always feel tired,2400,35,dfs,2.21,discovery,
always feeling tired and fatigued,2400,62,dfs,2.21,discovery,
always feel tired and fatigued,2400,64,dfs,2.21,discovery,
always feel tired,2400,63,dfs,2.21,discovery,
what does a full blood count show,2400,26,dfs,0.41,discovery,
what does a full blood count test show,2400,26,dfs,0.41,discovery,
cholesterol machine test at home,2400,0,dfs,0.59,discovery,
superdrug blood test,2400,0,dfs,0.72,discovery,
hba1c chart conversion,2400,21,dfs,1,discovery,
hba1c converter chart,2400,5,dfs,1,discovery,
brain fog meaning,2400,35,dfs,2.68,discovery,
how long blood test results,2400,0,dfs,,discovery,
test level check,1900,2,dfs,8.53,backlog,
testing levels of testosterone,1900,9,dfs,8.53,backlog,
testosterone check kit,1900,0,dfs,8.35,backlog,
testosterone level check,1900,14,dfs,8.53,backlog,
testosterone testing kit,1900,0,dfs,8.35,backlog,
testosterone testing uk,1900,0,dfs,9.04,backlog,
testosterone tests uk,1900,0,dfs,9.04,backlog,
checking test levels,1900,10,dfs,8.53,backlog,
cortisol levels test,1900,5,dfs,1.54,backlog,
insulin resistance test,1900,0,dfs,2.08,backlog,
cortisol levels check,1900,12,dfs,1.54,backlog,
gene methylation test,1900,0,dfs,3.47,backlog,
genetic methylation test,1900,2,dfs,3.47,backlog,
methylation gene test,1900,0,dfs,3.47,backlog,
methylation gene testing,1900,0,dfs,3.47,backlog,
do eggs contain iron,1900,12,dfs,1.7,backlog,
vitamin deficiency check,1900,0,dfs,2.15,backlog,
vitamins deficiency test,1900,1,dfs,2.15,backlog,
what food has iron,1900,57,dfs,0.04,backlog,
new pyramid of food,1900,41,dfs,0.09,backlog,
food of energy,1900,13,dfs,0.59,backlog,
lh hormone,1900,44,dfs,12.73,backlog,
normal iron count,1900,22,dfs,,backlog,
normal iron level,1900,22,dfs,,backlog,
peripheral blood test,1900,0,dfs,4.64,backlog,
what is lab test mch,1900,11,dfs,,backlog,
mean platelet volume,1900,22,dfs,,backlog,
mean platelet value,1900,4,dfs,,backlog,
vitamin deficiency test,1900,0,dfs,2.15,backlog,
blood film,1900,0,dfs,4.64,backlog,
is folate iron,1900,34,dfs,5.09,backlog,
mpv platelets,1900,11,dfs,,backlog,
cortisol level check,1900,15,dfs,1.54,backlog,
is sodium a salt,1900,28,dfs,,backlog,
gut health checks,1900,0,dfs,4.16,backlog,
signs of vitamin d deficiency,1900,27,dfs,0.16,csv,pillar-A
best testosterone booster uk,1900,14,dfs,3.89,csv,pillar-C
what causes inflammation in the body,1900,31,dfs,1.24,csv,pillar-G
inflammation diet,1900,49,dfs,0.44,csv,pillar-G
supplements for joint pain,1900,9,dfs,1.98,csv,pillar-G
alt liver function test,1900,20,dfs,2.61,csv,pillar-H
signs and symptoms vitamin d deficiency,1900,8,dfs,0.16,discovery,
test to check testosterone level,1900,21,dfs,8.53,discovery,
testosterone kit test,1900,0,dfs,8.35,discovery,
how quickly will doctor call with blood test results,1900,0,dfs,,discovery,
low testosterone guy,1900,65,dfs,6.48,discovery,
free cholesterol test at boots,1900,0,dfs,0.6,discovery,
inflammation from blood test,1900,35,dfs,2.88,discovery,
deranged liver function test,1900,20,dfs,1.28,discovery,
brain fog cause,1900,8,dfs,2.34,discovery,
reasons for brain fog,1900,38,dfs,2.34,discovery,
blood test results rdw high,1900,2,dfs,,discovery,
mean cell hemoglobin concentration high,1600,11,dfs,1,backlog,
normal albumin levels,1600,20,dfs,,backlog,
blood test uk,1600,14,dfs,5.31,backlog,
serum testosterone level,1600,11,dfs,4.59,backlog,
testosterone levels in males,1600,21,dfs,8.18,backlog,
testosterone levels in man,1600,18,dfs,8.18,backlog,
blood tests uk,1600,22,dfs,5.31,backlog,
homocysteine test,1600,0,dfs,2.95,backlog,
progesterone test,1600,0,dfs,2.01,backlog,
emoms,1600,0,dfs,0.92,backlog,
vitamin b9 deficiency,1600,45,dfs,0.9,backlog,
serum gamma gt,1600,10,dfs,0.02,backlog,
serum urea level high,1600,2,dfs,,backlog,
evorel conti patches reviews,1600,0,dfs,0.56,backlog,
high mean cell haemoglobin concentration,1600,11,dfs,1,backlog,
normal ferritin levels by age,1600,19,dfs,3.39,backlog,
mean corpuscular hemoglobin concentration high,1600,0,dfs,1,backlog,
blood test potassium,1600,7,dfs,2.61,backlog,
liver function of,1600,58,dfs,,backlog,
potassium blood test,1600,8,dfs,2.61,backlog,
alcohol tests,1600,14,dfs,1.11,backlog,
wbc total count,1600,12,dfs,6.74,backlog,
cholesterol check home kit,1600,6,dfs,0.52,backlog,
cholesterol home test kit,1600,0,dfs,0.52,backlog,
cholesterol test kit home,1600,0,dfs,0.52,backlog,
home testing cholesterol kit,1600,0,dfs,0.52,backlog,
how do i lower my cortisol levels,1600,48,dfs,0.82,backlog,
vitals,1600,11,dfs,6.67,backlog,
health mot,1600,14,dfs,5.2,backlog,
signs and symptoms of vitamin deficiency,1600,40,dfs,2.66,backlog,
total white cell count,1600,22,dfs,6.74,backlog,
anti ccp antibodies,1600,2,dfs,8.95,backlog,
folic deficiency anaemia,1600,49,dfs,,backlog,
home cholesterol test kit,1600,0,dfs,0.52,backlog,
balance my hormones,1600,17,dfs,13.44,backlog,
what is vitamin d deficiency a symptom of,1600,,dfs,0.15,csv,pillar-A
what are the symptoms of vitamin d deficiency,1600,,dfs,0.15,csv,pillar-A
male menopause symptoms,1600,22,dfs,5.79,csv,pillar-E
how to lower inflammation in the body,1600,31,dfs,0.68,csv,pillar-G
prolactin test,1600,0,dfs,4.09,csv,pillar-C
abnormal liver function test,1600,19,dfs,1.74,csv,pillar-H
liver function test interpretation,1600,24,dfs,1.69,csv,pillar-H
what are the sign of vitamin d deficiency,1600,97,dfs,0.15,discovery,
vitamin a d e k deficiency symptoms,1600,29,dfs,0.5,discovery,
boots cholesterol test,1600,0,dfs,0.45,discovery,
liver function test normal levels,1600,4,dfs,1.3,discovery,
liver function test normal values,1600,10,dfs,1.3,discovery,
liver function blood test normal range,1600,19,dfs,1.3,discovery,
liver function blood test normal values,1600,17,dfs,1.3,discovery,
boots pharmacy cholesterol test,1600,0,dfs,0.45,discovery,
cholesterol test boots chemist,1600,0,dfs,0.45,discovery,
brain fog treatment,1600,34,dfs,1.72,discovery,
private clinic london blood test,1600,3,dfs,5.4,discovery,
home test thyroid,1600,0,dfs,2,discovery,
how.to get rid of brain fog,1600,18,dfs,1.44,discovery,
brain fog remedies,1600,33,dfs,1.72,discovery,
brain fog remedy,1600,33,dfs,1.72,discovery,
fog brain cure,1600,31,dfs,1.72,discovery,
how to rid brain fog,1600,30,dfs,1.44,discovery,
eosinophils blood test,1300,0,dfs,16.51,backlog,
emom meaning,1300,0,dfs,,backlog,
blood test for magnesium,1300,19,dfs,2.52,backlog,
alt normal value,1300,1,dfs,1.44,backlog,
methylation testing,1300,0,dfs,3.63,backlog,
serum total bilirubin,1300,13,dfs,,backlog,
qfit,1300,0,dfs,3.2,backlog,
high cortisol means,1300,57,dfs,0.44,backlog,
hormonal imbalances test,1300,15,dfs,2.77,backlog,
bilirubin high,1300,41,dfs,1.55,backlog,
hormones checked for imbalances,1300,0,dfs,2.77,backlog,
total bilirubin serum,1300,34,dfs,,backlog,
bilirubin total serum,1300,12,dfs,,backlog,
do exercise increase testosterone,1300,33,dfs,6.97,backlog,
does testosterone increase with exercise,1300,33,dfs,6.97,backlog,
hormonal imbalance testing,1300,0,dfs,2.77,backlog,
how to improve liver function test,1300,49,dfs,0.94,backlog,
menstruation hormone chart,1300,15,dfs,1.18,backlog,
menstruation hormones chart,1300,18,dfs,1.18,backlog,
normal value of urea,1300,8,dfs,4.56,backlog,
blood test monocytes,1300,0,dfs,,backlog,
urea normal levels,1300,6,dfs,4.56,backlog,
can exercise increase testosterone,1300,33,dfs,6.97,backlog,
does exercise boost testosterone,1300,33,dfs,6.97,backlog,
does working out increase testosterone,1300,26,dfs,6.97,backlog,
luteinizing hormone meaning,1300,19,dfs,5,backlog,
mean cell hemoglobin concentration low,1300,8,dfs,1.51,backlog,
n a blood test,1300,3,dfs,2.1,backlog,
urea normal value,1300,16,dfs,4.56,backlog,
will exercise increase testosterone,1300,26,dfs,6.97,backlog,
does exercise increase testosterone,1300,19,dfs,6.97,backlog,
low mean cell haemoglobin concentration,1300,0,dfs,1.51,backlog,
luteinizing hormone definition,1300,36,dfs,5,backlog,
meaning of /lh,1300,17,dfs,5,backlog,
na blood test,1300,20,dfs,2.1,backlog,
urea normal level,1300,7,dfs,4.56,backlog,
where testosterone produced,1300,67,dfs,,backlog,
lh hormone definition,1300,23,dfs,5,backlog,
lymphocytes blood test,1300,5,dfs,2.58,backlog,
monocytes blood test,1300,18,dfs,,backlog,
72/4,1300,0,dfs,,backlog,
can you get an std from oral sex,1300,31,dfs,,backlog,
reduce cortisol naturally,1300,47,dfs,1.03,backlog,
bilirubin to high,1300,43,dfs,1.55,backlog,
low vitamin d treatment,1300,10,dfs,0.74,csv,pillar-A
what causes vitamin d deficiency,1300,27,dfs,0.66,csv,pillar-A
supplements for tiredness,1300,9,dfs,2.06,csv,pillar-B
does testosterone cause hair loss,1300,0,dfs,5.92,csv,pillar-C
how to reduce inflammation,1300,48,dfs,1.03,csv,pillar-G
how can i reduce inflammation,1300,,dfs,1.03,csv,pillar-G
how to get rid of inflammation in the body,1300,48,dfs,0.63,csv,pillar-G
vitamin d deficiency treatment,1300,18,dfs,0.74,discovery,
reasons for vitamin d deficiency,1300,49,dfs,0.17,discovery,
full blood count abnormal,1300,15,dfs,,discovery,
underactive thyroid how to test,1300,36,dfs,0.96,discovery,
menopausal brain fog,1300,8,dfs,1.1,discovery,
how long does it take to get blood test results,1300,0,dfs,,discovery,
blood test results basophils,1300,,dfs,,discovery,
home blood test kit,1000,0,dfs,3.72,backlog,
high cortisol level symptoms,1000,57,dfs,3.23,backlog,
blood test for hair loss,1000,0,dfs,5.28,backlog+csv,programmatic-symptoms
blood test hair loss,1000,0,dfs,5.28,backlog,
complete blood test uk,1000,0,dfs,4.15,backlog,
hormones males,1000,15,dfs,3.24,backlog,
hormones of male,1000,15,dfs,3.24,backlog,
blood test kit,1000,0,dfs,3.8,backlog,
blood testing kits,1000,6,dfs,3.8,backlog,
blood tests kits,1000,0,dfs,3.8,backlog,
fbc blood test uk,1000,0,dfs,4.15,backlog,
hair loss blood test,1000,0,dfs,5.28,backlog,
home blood tests kit,1000,0,dfs,3.72,backlog,
blood test kit at home,1000,3,dfs,3.72,backlog,
folate normal level,1000,3,dfs,,backlog,
full blood test uk,1000,0,dfs,4.15,backlog,
full blood tests uk,1000,5,dfs,4.15,backlog,
globulin blood test,1000,16,dfs,,backlog,
how much protein can you absorb in one meal,1000,0,dfs,,backlog,
what are vitamins,1000,60,dfs,0.22,backlog,
lipoprotein test,1000,7,dfs,2.81,backlog,
coming off the contraceptive pill,1000,15,dfs,2.23,backlog,
coming off the contraceptive pill side effects,1000,6,dfs,5.56,backlog,
side effects of coming off the contraceptive pill,1000,15,dfs,5.56,backlog,
ggt test,1000,10,dfs,2.19,backlog,
eggs for iron,1000,12,dfs,0.01,backlog,
gamma glutamyl transferase test,1000,5,dfs,2.19,backlog,
gamma gt test,1000,3,dfs,2.19,backlog,
blood urea normal value,1000,23,dfs,,backlog,
normal range of alkaline phosphatase,1000,0,dfs,,backlog,
evorel sequi patches reviews,1000,0,dfs,0.52,backlog,
urea level,1000,6,dfs,0.69,backlog,
what is lh,1000,44,dfs,,backlog,
what is luteinising hormone,1000,13,dfs,,backlog,
energy increasing food,1000,11,dfs,1.02,backlog,
which foods contain b12,1000,16,dfs,0.25,backlog,
energy increasing foods,1000,20,dfs,1.02,backlog,
food for energy boost,1000,16,dfs,1.02,backlog,
food for energy booster,1000,15,dfs,1.02,backlog,
how to raise vitamin d,1000,38,dfs,0.63,backlog,
lab test globulin,1000,5,dfs,,backlog,
blood film test,1000,0,dfs,1.56,backlog,
hb test,1000,15,dfs,2.26,backlog,
mpv mean platelet volume high,1000,22,dfs,,backlog,
high mean platelet volume,1000,22,dfs,,backlog,
anti ccp blood test,1000,1,dfs,2.19,backlog,
platelet volume high,1000,22,dfs,,backlog,
what is f b c,1000,7,dfs,1.08,backlog,
mean platelet volume high,1000,11,dfs,,backlog,
mpv elevated,1000,22,dfs,,backlog,
blood test globulin,1000,2,dfs,,backlog,
haemoglobin levels uk,1000,7,dfs,,backlog,
what is the meaning of mpv in blood test,1000,22,dfs,,backlog,
function of calcium,1000,57,dfs,,backlog,
hb levels uk,1000,0,dfs,,backlog,
aids test home kit,1000,12,dfs,2.47,backlog,
hiv test home testing kits,1000,22,dfs,2.47,backlog,
functions of calcium,1000,50,dfs,,backlog,
home blood test kits,1000,0,dfs,3.72,backlog,
home test kits hiv,1000,19,dfs,2.47,backlog,
testosterone supplements uk,1000,2,dfs,3.78,csv,pillar-C
high crp meaning,1000,,dfs,0.02,csv,pillar-D
why am i always very tired,1000,23,dfs,1.54,discovery,
why am i always extremely tired,1000,23,dfs,1.54,discovery,
why am i always so tired,1000,23,dfs,1.54,discovery,
why am i always so tired all the time,1000,23,dfs,1.54,discovery,
why am i always really tired,1000,23,dfs,1.54,discovery,
can i see my blood test results online nhs,1000,3,dfs,,discovery,
full blood count uk,1000,19,dfs,4.15,discovery,
liver function test elevated causes,1000,41,dfs,1.6,discovery,
liver function test high causes,1000,21,dfs,1.6,discovery,
liver function blood test high,1000,46,dfs,1.68,discovery,
brain fog supplements,1000,0,dfs,1.96,discovery,
thyroid antibody lab test,1000,0,dfs,2.94,discovery,
creatine brain fog,1000,12,dfs,2.13,discovery,
what does brain fog feel like,1000,21,dfs,2.86,discovery,
blood test results liver high,1000,46,dfs,1.68,discovery,
anaemia foods,880,50,dfs,0.08,backlog,
anemia food,880,26,dfs,0.08,backlog,
cortisol test uk,880,0,dfs,2.12,backlog+csv,future-kit-cortisol
testosterone check,880,5,dfs,8.67,backlog,
testosterone free levels,880,4,dfs,16.54,backlog,
well man tests,880,0,dfs,4.66,backlog,
blood testing private,880,0,dfs,4.54,backlog,
how much protein your body can absorb,880,0,dfs,0.26,backlog,
test for vitamins,880,0,dfs,2.42,backlog,
testosterone at home test,880,0,dfs,9.49,backlog,
testosterone normal levels,880,19,dfs,11.56,backlog,
132/82 blood pressure,880,59,dfs,,backlog,
blood tests northwich,880,0,dfs,2.27,backlog,
cortisol tests uk,880,0,dfs,2.12,backlog,
herpes test blood,880,5,dfs,1.69,backlog,
hormone for sex,880,43,dfs,1.87,backlog,
us food pyramid,880,28,dfs,0.06,backlog,
gamma gt levels,880,1,dfs,0.63,backlog,
hormones for sex,880,25,dfs,1.87,backlog,
united states food pyramid,880,41,dfs,0.06,backlog,
what food has iron in it,880,57,dfs,0.05,backlog,
gamma gt blood test meaning,880,6,dfs,4.32,backlog,
what is gamma gt,880,10,dfs,1.79,backlog,
which food contain iron,880,50,dfs,0.05,backlog,
apob test,880,12,dfs,2.91,backlog+csv,pillar-I
bilirubin meaning,880,34,dfs,0.73,backlog,
diet high in iron,880,41,dfs,0.11,backlog,
ggt blood test meaning,880,7,dfs,4.32,backlog,
ggt levels,880,14,dfs,0.63,backlog,
iron in steak,880,0,dfs,0.3,backlog,
what is ggt,880,8,dfs,1.79,backlog,
which food has iron,880,46,dfs,0.05,backlog,
blood test ggt meaning,880,5,dfs,4.32,backlog,
hba1c what is normal range,880,14,dfs,2.41,backlog,
how to test cortisol levels at home,880,2,dfs,1.11,backlog,
evorel 50 patches reviews,880,0,dfs,0.54,backlog,
what is mean cell haemoglobin,880,13,dfs,,backlog,
blood test total protein,880,23,dfs,,backlog,
normal vitamin d levels by age,880,50,dfs,,backlog,
iron level chart,880,28,dfs,0.05,backlog,
iron levels chart,880,25,dfs,0.05,backlog,
what is normal hba1c by age nhs,880,1,dfs,5.32,backlog,
gamma glutamyl transferase levels,880,10,dfs,0.63,backlog,
low sedimentation rate,880,33,dfs,,backlog,
how to reduce high cortisol levels,880,48,dfs,0.81,backlog,
sedimentation rate low,880,26,dfs,,backlog,
hiv home tests,880,19,dfs,2.6,backlog,
bloods hb,880,26,dfs,1.36,backlog,
protein test,880,23,dfs,1.45,backlog,
how to lower high cortisol levels,880,33,dfs,0.81,backlog,
how avoid diabetes,880,63,dfs,0.72,backlog,
sex hormone,880,28,dfs,1.87,backlog,
sex hormones,880,21,dfs,1.87,backlog,
how to avoid diabetes,880,63,dfs,0.72,backlog,
erythrocyte sedimentation rate low,880,36,dfs,,backlog,
how can i check my cholesterol,880,42,dfs,0.4,backlog,
home aids test,880,10,dfs,2.6,backlog,
mchc meaning in blood test,880,0,dfs,,backlog,
what does vitamin d deficiency cause,880,28,dfs,0.34,csv,pillar-A
best supplements for energy,880,9,dfs,2.57,csv,pillar-B
inflammation symptoms,880,46,dfs,,csv,pillar-G
what does crp mean in a blood test,880,42,dfs,0.19,csv,pillar-D
what infections cause high crp,880,9,dfs,,csv,pillar-D
what does crp blood test mean,880,,dfs,0.19,csv,pillar-D
fasting glucose test,880,23,dfs,3.16,csv,pillar-I
why am i always tired and cold,880,19,dfs,3.3,discovery,
always tired and sleepy,880,63,dfs,1.99,discovery,
always tired no energy,880,42,dfs,1.46,discovery,
vitamin d test kit,880,0,dfs,0.75,discovery,
crp blood test normal range,880,42,dfs,0.09,discovery,
blood test crp cancer,880,0,dfs,,discovery,
full blood count normal values,880,13,dfs,1.04,discovery,
normal full blood count levels,880,9,dfs,1.04,discovery,
full blood count test normal range,880,9,dfs,1.04,discovery,
full blood count normal ranges,880,12,dfs,1.04,discovery,
liver function test values,880,21,dfs,,discovery,
how can i test my cholesterol,880,42,dfs,0.4,discovery,
how long blood test results nhs,880,0,dfs,,discovery,
how to test your testosterone levels,720,4,dfs,7.55,backlog,
blood test vitamins,720,0,dfs,2.75,backlog,
blood test fatigue,720,0,dfs,4.67,backlog,
health tests,720,6,dfs,5.55,backlog,
medic checks,720,4,dfs,2.45,backlog,
normal testosterone levels in males ng/ml,720,38,dfs,4.93,backlog+csv,pillar-C
what are normal testosterone levels for a man,720,18,dfs,12.76,backlog,
what is normal testosterone level for a man,720,38,dfs,12.76,backlog,
blood test tired,720,0,dfs,4.67,backlog,
blood test vitamin deficiency,720,4,dfs,2.5,backlog,
blood tests tiredness,720,0,dfs,4.67,backlog,
fatigue blood tests,720,0,dfs,4.67,backlog,
how to check liver function at home,720,0,dfs,0.87,backlog,
online blood testing,720,28,dfs,5.91,backlog,
online blood tests,720,22,dfs,5.91,backlog,
pricking fingers,720,0,dfs,0.32,backlog,
testing for autoimmune diseases,720,10,dfs,1.93,backlog,
vitamin blood test,720,3,dfs,2.75,backlog,
vitamins blood test,720,0,dfs,2.75,backlog,
autoimmunity test,720,8,dfs,1.93,backlog,
blood tests vitamin deficiency,720,0,dfs,2.5,backlog,
cortisol home test,720,0,dfs,1.9,backlog,
cortisol test home,720,0,dfs,1.9,backlog,
fatigue blood test,720,0,dfs,4.67,backlog,
globulin high,720,0,dfs,,backlog,
high globulin,720,8,dfs,,backlog,
triva,720,11,dfs,2.67,backlog,
blood test hormone levels,720,0,dfs,3.42,backlog,
treat hormonal imbalance,720,18,dfs,2.09,backlog,
apolipoprotein,720,13,dfs,3.13,backlog,
breakfast high in iron,720,19,dfs,0.14,backlog,
check hormones levels,720,0,dfs,3.56,backlog,
blood tests to check hormone levels,720,0,dfs,3.42,backlog,
serum albumin normal range,720,37,dfs,1.67,backlog,
signs of hormonal imbalance,720,24,dfs,3.65,backlog,
hormonal imbalance in ladies,720,40,dfs,2.76,backlog,
how to fix hormonal imbalance,720,18,dfs,2.11,backlog,
serum albumin normal value,720,26,dfs,1.67,backlog,
test hormone levels,720,14,dfs,3.56,backlog,
type cholesterol,720,47,dfs,0.61,backlog,
types of cholesterol,720,44,dfs,0.61,backlog,
what is serum gamma gt level,720,4,dfs,4.01,backlog,
causes of high triglycerides,720,52,dfs,1.33,backlog,
snacks high in iron,720,19,dfs,0.13,backlog,
triglycerides high causes,720,36,dfs,1.33,backlog,
am i perimenopausal quiz,720,4,dfs,1.06,backlog,
progesterone levels,720,18,dfs,2,backlog,
test urea,720,0,dfs,0.67,backlog,
hormone cycle,720,42,dfs,1.27,backlog,
foods to help hormone balance,720,3,dfs,0.43,backlog,
can weight lifting increase testosterone,720,33,dfs,,backlog,
bicarbonate blood test,720,0,dfs,,backlog,
homa-ir,720,18,dfs,1.58,backlog,
blood test for bicarbonate,720,4,dfs,,backlog,
chloride blood test,720,17,dfs,3.23,backlog,
clotted meaning,720,0,dfs,,backlog,
blood test for chloride,720,12,dfs,3.23,backlog,
pcv in blood test,720,0,dfs,4.87,backlog,
pcv test blood,720,0,dfs,4.87,backlog,
what are normal cholesterol levels uk,720,7,dfs,1.21,backlog,
mdma test kit,720,0,dfs,0.53,backlog,
red blood cell distribution width low,720,25,dfs,,backlog,
what are healthy cholesterol levels uk,720,9,dfs,1.21,backlog,
home test,720,15,dfs,3.08,backlog,
home tests,720,8,dfs,3.08,backlog,
lowering cortisol levels,720,32,dfs,0.7,backlog,
health test,720,15,dfs,5.55,backlog,
can vitamin d deficiency cause fatigue,720,9,dfs,,csv,pillar-A
can vitamin d deficiency cause tiredness,720,1,dfs,,csv,pillar-A
can vitamin d deficiency cause dizziness,720,0,dfs,,csv,pillar-A
what is vitamin d deficiency,720,37,dfs,0.67,csv,pillar-A
dht hair loss,720,10,dfs,6.81,csv,pillar-C
blood test results explained,720,19,dfs,0.98,csv,pillar-D
how to read blood test results,720,3,dfs,3.49,csv,pillar-D
what is normal crp level,720,,dfs,1.36,csv,pillar-D
bupa blood test,720,4,dfs,3.62,csv,programmatic-compare
fasting insulin test,720,0,dfs,2.54,csv,pillar-I
blood test results chart,720,10,dfs,2.11,discovery,
does full blood count test show cancer,720,21,dfs,1.62,discovery,
full blood count fbc,720,9,dfs,1.95,discovery,
can low testosterone cause hair loss,720,1,dfs,,discovery,
does low testosterone cause hair loss,720,1,dfs,,discovery,
will low testosterone cause hair loss,720,0,dfs,,discovery,
nhs liver function test,720,12,dfs,2.27,discovery,
liver function blood test normal range uk,720,12,dfs,1.17,discovery,
how to clear brain fog instantly,720,19,dfs,1.85,discovery,
blood test nhs walk-in centre,720,6,dfs,1.7,discovery,
blood test results for thyroid,720,37,dfs,1.49,discovery,
thyroid lab test results,720,26,dfs,1.49,discovery,
urea and electrolytes blood test results explained,720,0,dfs,,discovery,
how can i read my blood test results,720,9,dfs,3.49,discovery,
how to interpret blood test results,720,3,dfs,3.49,discovery,
how long do blood test results take in a&e uk,720,0,dfs,,discovery,
blood test results and meaning,720,19,dfs,0.98,discovery,
blood test results explanation,720,12,dfs,0.98,discovery,
explaining blood test results,720,19,dfs,0.98,discovery,
blood test results for celiac disease,720,31,dfs,1,discovery,
results of diabetes blood test,720,48,dfs,1.27,discovery,
celiac blood test results,720,37,dfs,1,discovery,
how to understand blood test results,720,3,dfs,3.49,discovery,
b12 vitamin vegetables,590,39,dfs,0.17,backlog,
blood testing for alcohol,590,1,dfs,4.25,backlog,
blood lead level test,590,2,dfs,2.99,backlog,
blood testing for lead,590,0,dfs,2.99,backlog,
blood testing service,590,22,dfs,3.28,backlog,
do guys have hormones,590,15,dfs,,backlog,
fountain of youth collagen,590,0,dfs,1.32,backlog,
free test testosterone,590,6,dfs,4.65,backlog,
home test for liver enzymes,590,1,dfs,2.59,backlog,
hormone tests for males,590,0,dfs,10.95,backlog,
how much testosterone do men have,590,56,dfs,1.3,backlog,
how much testosterone does a man have,590,47,dfs,1.3,backlog,
iron with ferritin,590,20,dfs,1.59,backlog,
optimale blood test,590,0,dfs,6.85,backlog,
testosterone free test,590,10,dfs,4.65,backlog,
testosterone level,590,38,dfs,7.9,backlog,
triglyceride and hdl ratio,590,4,dfs,2.61,backlog,
triglyceride to hdl ratio,590,4,dfs,2.61,backlog,
triglyceride/hdl ratio,590,4,dfs,2.61,backlog,
what does amrap mean,590,0,dfs,,backlog,
what is amrap,590,0,dfs,,backlog,
blood health test,590,5,dfs,3.95,backlog,
do men have hormones,590,11,dfs,,backlog,
does men have hormones,590,16,dfs,,backlog,
full vitamin and mineral blood test uk,590,0,dfs,1.98,backlog,
home liver function test,590,0,dfs,2.59,backlog,
home liver test,590,0,dfs,2.59,backlog,
home liver tests,590,0,dfs,2.59,backlog,
home test liver function,590,0,dfs,2.59,backlog,
lead level in blood test,590,1,dfs,2.99,backlog,
liver function home test,590,0,dfs,2.59,backlog,
macros vs micros,590,6,dfs,,backlog,
male hormones test,590,0,dfs,10.95,backlog,
micros vs macros,590,3,dfs,,backlog,
test liver enzymes at home,590,0,dfs,2.59,backlog,
uk blood tests private,590,0,dfs,3.92,backlog,
vitamin b12 test at home,590,0,dfs,1.66,backlog,
best magnesium tablet,590,0,dfs,2.06,backlog,
blood tests health check,590,23,dfs,5.16,backlog,
health blood test,590,22,dfs,3.95,backlog,
health check blood test,590,0,dfs,5.16,backlog,
homocysteine blood test,590,4,dfs,4.32,backlog,
do baked beans contain iron,590,9,dfs,,backlog,
does baked beans contain iron,590,9,dfs,,backlog,
d2 vs d3 vitamin,590,10,dfs,2.21,backlog,
do baked beans have iron,590,3,dfs,,backlog,
thriver,590,19,dfs,0.74,backlog,
blood tests for health,590,25,dfs,3.95,backlog,
what causes imbalanced hormones,590,24,dfs,2.61,backlog,
are eggs high in iron,590,21,dfs,,backlog,
b9 deficiency symptoms,590,34,dfs,1.26,backlog,
how much iron in beef steak,590,6,dfs,,backlog,
vitamin b9 deficiency symptoms,590,36,dfs,1.26,backlog,
vitamin d2 vs d3,590,6,dfs,2.21,backlog,
what are causes of hormonal imbalance,590,40,dfs,2.61,backlog,
b9 vitamin deficiency symptoms,590,36,dfs,1.26,backlog,
high urate causes,590,26,dfs,,backlog,
uric acid high reasons,590,4,dfs,,backlog,
what are the causes of hormonal imbalances,590,39,dfs,2.61,backlog,
what is hormone balance,590,39,dfs,4.17,backlog,
what food gives you iron,590,46,dfs,0.05,backlog,
foods with lots of iron,590,37,dfs,0.04,backlog,
low bilirubin,590,8,dfs,,backlog,
uric acid high reason,590,8,dfs,,backlog,
elevated bilirubin symptoms,590,43,dfs,,backlog,
how to check your cholesterol at home,590,12,dfs,0.29,backlog,
how to get more iron in my diet,590,42,dfs,0.27,backlog,
plasma gamma gt level,590,6,dfs,0.02,backlog,
how to lower ferritin levels,590,4,dfs,,backlog,
mchc reference range,590,1,dfs,,backlog,
mean cell hemoglobin concentration normal range,590,7,dfs,,backlog,
normal mchc value,590,0,dfs,,backlog,
vitamin d levels in uk,590,24,dfs,,backlog,
how to decrease ferritin levels,590,0,dfs,,backlog,
how to reduce ferritin levels,590,8,dfs,,backlog,
how to test for magnesium deficiency at home,590,29,dfs,0.86,backlog,
mean corpuscular hemoglobin concentration normal range,590,1,dfs,,backlog,
normal total protein levels,590,0,dfs,26.31,backlog,
vegetables vitamin b12,590,34,dfs,0.17,backlog,
vitamin b12 vegetables,590,17,dfs,0.17,backlog,
mean corpuscular haemoglobin low,590,0,dfs,,backlog,
vitamin b 12 vegetables,590,34,dfs,0.17,backlog,
mchc normal range,590,0,dfs,,backlog,
period cycle graph,590,18,dfs,,backlog,
can running increase testosterone,590,27,dfs,,backlog,
does running increase testosterone,590,7,dfs,,backlog,
lh function,590,36,dfs,,backlog,
hypo versus hyperthyroidism,590,13,dfs,,backlog,
glycated haemoglobin,590,48,dfs,2.74,backlog,
serum iron,590,11,dfs,4.15,backlog,
total protein,590,12,dfs,1.9,backlog,
stress and cortisol,590,56,dfs,1.26,backlog,
test for hepatitis,590,10,dfs,2.75,backlog,
cortisol stress,590,64,dfs,1.26,backlog,
body mots,590,0,dfs,3.35,backlog,
low calcium in blood test,590,26,dfs,,backlog,
how do i reduce my cortisol level,590,48,dfs,0.89,backlog,
mpv blood test high,590,26,dfs,,backlog,
at home test diabetes,590,4,dfs,1.26,backlog,
normal red blood cell count,590,22,dfs,,backlog,
how to manage cortisol levels,590,48,dfs,0.92,backlog,
vitamin b12 home test,590,0,dfs,1.66,backlog,
does vitamin d deficiency cause hair loss,590,23,dfs,,csv,pillar-A
can vitamin d deficiency cause weight gain,590,7,dfs,,csv,pillar-A
hair loss vitamin deficiency,590,4,dfs,1.63,csv,pillar-A
manual reviews,590,0,dfs,13.22,csv,programmatic-compare
forth blood test,590,1,dfs,2.42,csv,programmatic-compare
infection markers in blood normal range,590,13,dfs,,csv,pillar-G
infection markers in blood over 300,590,22,dfs,,csv,pillar-G
full blood count test meaning,590,26,dfs,1.46,discovery,
crp blood test high,590,27,dfs,1.23,discovery,
full blood count borderline,590,0,dfs,,discovery,
full blood count definition,590,26,dfs,1.46,discovery,
what blood test is for thyroid,590,56,dfs,1.1,discovery,
hba1c how to lower,590,0,dfs,1.03,discovery,
mens health check,590,0,dfs,5.96,discovery,
low immune system tests,480,12,dfs,2.21,backlog,
blood test time for results,480,0,dfs,,backlog,
saliva cortisol test,480,1,dfs,1.95,csv,future-kit-cortisol
normal testosterone levels in males,480,23,dfs,17.66,csv,pillar-C
inflammatory markers list,480,0,dfs,,csv,pillar-G
why am i always tired and have no energy,480,63,dfs,1.67,discovery,
always wake up tired no matter how much sleep,480,35,dfs,1.79,discovery,
how to get testosterone test,480,0,dfs,5.38,discovery,
nhs app blood test results,480,11,dfs,,discovery,
full blood count private,480,7,dfs,4.69,discovery,
men with low testosterone levels,480,32,dfs,5.34,discovery,
can erectile dysfunction be caused by low testosterone,480,23,dfs,5.34,discovery,
brain fog test,480,0,dfs,0.88,discovery,
full blood test private,480,7,dfs,4.69,discovery,
blood test private cost,480,0,dfs,2.03,discovery,
glucose blood test hba1c,480,48,dfs,2.22,discovery,
can vitamin d deficiency cause hair loss,390,19,dfs,0.18,csv,pillar-A
testosterone levels by age,390,1,dfs,9.07,csv,pillar-C
at home blood test uk,390,0,dfs,4.62,csv,lp-hormone-recovery
best supplements for inflammation,390,10,dfs,2.08,csv,pillar-G
how to reduce crp level,390,0,dfs,1.18,csv,pillar-G
testosterone levels by age chart,390,2,dfs,14.33,csv,pillar-C
home test vitamin d,390,0,dfs,1.31,discovery,
ferritin foods,390,56,dfs,0.07,discovery,
testosterone test in men,390,4,dfs,7.93,discovery,
manual testosterone test,390,4,dfs,4.87,discovery,
will low testosterone cause weight gain,390,0,dfs,21.07,discovery,
blood test thyroid peroxidase,390,7,dfs,3.07,discovery,
test results thyroid,390,37,dfs,0.64,discovery,
hba1c measurement units,390,1,dfs,3.75,discovery,
hba1c conversion calculator,390,9,dfs,1.75,discovery,
hba1c mmol/mol to percentage formula,390,0,dfs,2.03,discovery,
best supplements for men over 40,320,3,dfs,3.79,csv,pillar-D
best vitamins for men uk,320,4,dfs,3.67,csv,lp-daily-stack
what does raised crp mean,320,,dfs,3.16,csv,pillar-D
normal testosterone levels in males nmol/l,320,2,dfs,3.71,csv,pillar-C
what are inflammatory markers in blood tests,320,8,dfs,,csv,pillar-G
vitamin d deficiency food,320,43,dfs,0.32,discovery,
always hungry tired,320,10,dfs,,discovery,
always tired and cold,320,14,dfs,0.17,discovery,
i am always extremely tired,320,43,dfs,2.54,discovery,
boots vitamin d test,320,0,dfs,0.17,discovery,
vitamin d deficiency test,320,0,dfs,0.92,discovery,
crp esr blood test,320,7,dfs,2.42,discovery,
full blood count 424,320,7,dfs,,discovery,
what full blood count test for,320,26,dfs,0.04,discovery,
full blood count nhs,320,0,dfs,2.1,discovery,
low testosterone effects on men,320,57,dfs,3.68,discovery,
is brain fog dangerous,320,30,dfs,,discovery,
thyroid home test kit,320,0,dfs,2.07,discovery,
diagnose diabetes with hba1c,320,0,dfs,,discovery,
hba1c results normal range,320,15,dfs,2.91,discovery,
how to reduce hba1c in a week,320,0,dfs,1.03,discovery,
hba1c normal level range,320,22,dfs,2.91,discovery,
nhs health check online,320,31,dfs,3.45,discovery,
vitamin d test uk,260,0,dfs,1.57,csv,pillar-A
best supplements for recovery,260,2,dfs,2.14,csv,pillar-G
shbg test,260,7,dfs,4.96,csv,pillar-C
supplements for low testosterone,260,18,dfs,3.69,csv,lp-daily-stack
what does crp mean,260,,dfs,,csv,pillar-D
what does crp stand for,260,46,dfs,0.02,csv,pillar-D
private cholesterol test,260,0,dfs,1.86,csv,pillar-I
homocysteine test uk,260,0,dfs,3.17,csv,pillar-I
triglycerides test,260,14,dfs,2.72,csv,pillar-I
cholesterol test uk,260,12,dfs,1.58,csv,pillar-I
adrenal blood test,260,9,dfs,2.61,csv,future-kit-cortisol
full blood count meaning,260,45,dfs,0.46,discovery,
vitamin d level test,260,4,dfs,1.42,discovery,
25-hydroxy vitamin d test,260,8,dfs,2.09,discovery,
25-oh vitamin d test,260,6,dfs,2.09,discovery,
lab test vitamin d 25 hydroxy,260,8,dfs,2.09,discovery,
crp blood test levels,260,13,dfs,3.29,discovery,
testosterone level on blood test,260,1,dfs,11.53,discovery,
lab test testosterone levels,260,5,dfs,11.53,discovery,
testosterone home test kit,260,0,dfs,8.75,discovery,
testosterone online test,260,0,dfs,8.5,discovery,
translate my blood test results uk,260,0,dfs,3,discovery,
full blood count cost,260,0,dfs,2.49,discovery,
what does full blood count include,260,14,dfs,1.07,discovery,
can depression cause low testosterone,260,13,dfs,21.13,discovery,
can low testosterone cause depression in men,260,33,dfs,21.13,discovery,
does low testosterone cause depression,260,13,dfs,21.13,discovery,
will low testosterone cause depression,260,33,dfs,21.13,discovery,
thyroid blood test normal levels,260,17,dfs,0.75,discovery,
target hba1c type 2 diabetes,260,0,dfs,1.77,discovery,
hba1c home testing kits,260,0,dfs,1.01,discovery,
testosterone hair loss,210,15,dfs,13.49,csv,pillar-C
t4 test,210,13,dfs,2.14,csv,pillar-J
dhea-s test,210,,dfs,3.53,csv,future-kit-cortisol
high inflammatory markers and fatigue,210,3,dfs,,csv,pillar-G
free vitamin d test uk,210,8,dfs,0.86,discovery,
why am i always tired and sleepy,210,42,dfs,2.28,discovery,
hs crp blood test,210,7,dfs,3.22,discovery,
how test testosterone levels at home,210,0,dfs,11.15,discovery,
full blood count borderline meaning,210,0,dfs,,discovery,
can a full blood count detect ovarian cancer,210,6,dfs,1.06,discovery,
will low testosterone make you tired,210,18,dfs,12.23,discovery,
does low testosterone make you tired,210,21,dfs,12.23,discovery,
can low testosterone make you tired,210,17,dfs,12.23,discovery,
cholesterol test price,210,0,dfs,0.97,discovery,
brain fog treatment at home,210,34,dfs,1.7,discovery,
hba1c blood bottle colour,210,0,dfs,,discovery,
mens health check uk,210,0,dfs,6.61,discovery,
free nhs health check scotland,210,3,dfs,0.91,discovery,
andropause treatment,170,10,dfs,3.26,csv,pillar-E
reasons for hair loss in men,170,58,dfs,1.27,csv,programmatic-symptoms
private liver test,170,0,dfs,3.72,csv,pillar-H
low testosterone hair loss,140,4,dfs,,csv,pillar-C
ferritin test uk,140,0,dfs,2.31,csv,pillar-D
balance my hormones reviews,140,0,dfs,37.85,csv,programmatic-compare
free t4 test,140,36,dfs,,csv,pillar-J
biological age test uk,140,1,dfs,1.96,csv,future-kit-longevity
what should your inflammatory markers be,140,11,dfs,,csv,pillar-G
average testosterone levels by age,110,27,dfs,2.57,csv,pillar-C
blood test for depression,90,19,dfs,3.64,csv,programmatic-symptoms
gym partnership,90,,dfs,2.62,csv,trade
reverse t3 test,90,0,dfs,2.81,csv,pillar-J
normal testosterone levels nmol/l,70,0,dfs,,csv,pillar-C
normal testosterone range,70,,dfs,,csv,pillar-C
personal trainer cpd,50,1,dfs,4.09,csv,trade
voy uk reviews,40,2,dfs,5.48,csv,programmatic-compare
balance my hormones uk,40,22,dfs,11.89,csv,programmatic-compare
how often should i get a blood test,40,,dfs,,csv,geo
free t3 test,40,,dfs,1.97,csv,pillar-J
stress blood test,40,,dfs,2.91,csv,future-kit-cortisol
nutrition for personal trainers,30,0,dfs,7,csv,trade
dhea test uk,20,37,dfs,4.26,csv,future-kit-cortisol
optimale uk reviews,10,,dfs,,csv,programmatic-compare
blood test for muscle loss,10,,dfs,,csv,programmatic-symptoms
personal trainer nutrition advice,10,,dfs,,csv,trade
when should i get a blood test,10,,dfs,,csv,geo
recommended blood tests for men,10,,dfs,21.36,csv,geo
which blood test should i get,10,,dfs,,csv,geo
andro prime,10,,dfs,,csv,brand
tsh test uk,10,,dfs,2.37,csv,pillar-J
vitamin d deficiency symptoms,,23,dfs,,csv,pillar-A
5 weird signs of iron deficiency,,44,dfs,,csv,pillar-A
blood test for fatigue,,8,dfs,,csv,pillar-B
blood test for tiredness,,0,dfs,,csv,pillar-B
testosterone test uk,,0,dfs,,csv,pillar-C
low testosterone symptoms in men,,62,dfs,,csv,pillar-C
symptoms of low testosterone in men,,62,dfs,,csv,pillar-C
testosterone blood test,,8,dfs,,csv,pillar-C
low testosterone symptoms,,67,dfs,,csv,pillar-C
testosterone test,,8,dfs,,csv,pillar-C
testosterone,,100,dfs,,csv,pillar-C
best testosterone test uk,,0,dfs,,csv,pillar-C
nhs blood test,,8,dfs,,csv,pillar-D
crp test,,47,dfs,,csv,pillar-D
ferritin levels,,36,dfs,,csv,pillar-D
low iron symptoms,,56,dfs,,csv,pillar-D
iron deficiency symptoms,,66,dfs,,csv,pillar-D
men's health blood test,,0,dfs,,csv,pillar-D
private blood test london,,14,dfs,,csv,programmatic-cities
private blood test manchester,,0,dfs,,csv,programmatic-cities
private blood test birmingham,,0,dfs,,csv,programmatic-cities
private blood test leeds,,0,dfs,,csv,programmatic-cities
private blood test glasgow,,0,dfs,,csv,programmatic-cities
private blood test edinburgh,,0,dfs,,csv,programmatic-cities
private blood test bristol,,0,dfs,,csv,programmatic-cities
private blood test liverpool,,5,dfs,,csv,programmatic-cities
private blood test nottingham,,0,dfs,,csv,programmatic-cities
private blood test cambridge,,0,dfs,,csv,programmatic-cities
private blood test uk,,16,dfs,,csv,programmatic-cities
inflammation blood test,,36,dfs,,csv,pillar-G
andropause,,30,dfs,,csv,pillar-E
male menopause,,29,dfs,,csv,pillar-E
hypogonadism,,52,dfs,,csv,pillar-E
low testosterone treatment uk,,22,dfs,,csv,pillar-E
male hormone test uk,,0,dfs,,csv,pillar-E
blood test for anxiety,,3,dfs,,csv,programmatic-symptoms
blood test for insomnia,,16,dfs,,csv,programmatic-symptoms
blood test for stress,,30,dfs,,csv,programmatic-symptoms
what should i do with my blood test results,,,dfs,,csv,geo
how often should men get bloods checked,,,dfs,,csv,geo
andro prime reviews,,,dfs,,csv,brand
andro prime legit,,,dfs,,csv,brand
andro prime uk,,,dfs,,csv,brand
free testosterone,,29,dfs,,csv,pillar-C
vitamin b12 deficiency symptoms,,71,dfs,,csv,pillar-A
magnesium deficiency symptoms,,45,dfs,,csv,pillar-A
what is a crp blood test,,,dfs,,csv,pillar-D
hba1c blood test,,44,dfs,,csv,pillar-I
cholesterol test at home,,0,dfs,,csv,pillar-I
hba1c test uk,,12,dfs,,csv,pillar-I
private hba1c test,,0,dfs,,csv,pillar-I
diabetes blood test uk,,39,dfs,,csv,pillar-I
insulin test uk,,0,dfs,,csv,pillar-I
thyroid function test,,46,dfs,,csv,pillar-J
private thyroid test,,0,dfs,,csv,pillar-J
tpo antibodies,,11,dfs,,csv,pillar-J
full thyroid panel,,4,dfs,,csv,pillar-J
thyroid antibodies test,,26,dfs,,csv,pillar-J
thyroid blood test uk,,10,dfs,,csv,pillar-J
psa test uk,,24,dfs,,csv,future-kit-prostate
private psa test,,6,dfs,,csv,future-kit-prostate
kidney function test,,47,dfs,,csv,future-kit-kidney
lft blood test,,22,dfs,,csv,pillar-H
liver function test uk,,1,dfs,,csv,pillar-H
what does within normal range mean for testosterone,,,dfs,,csv,pillar-C
is normal testosterone the same as healthy testosterone,,,dfs,,csv,pillar-C
why is the testosterone reference range so wide,,,dfs,,csv,pillar-C
does the testosterone normal range account for age decline,,,dfs,,csv,pillar-C
what does borderline testosterone mean,,,dfs,,csv,pillar-C
night sweats men,,44,dfs,,csv,kit-1-hook