vol,by,query
49500,medichecks.com,blood work test
49500,medichecks.com,blood work tests
27100,thriva.co,blood for crp test
22200,medichecks.com,test testosterone
22200,medichecks.com,testosterone tests
22200,medichecks.com,testosterone testing
14800,thriva.co,what foods are highest in iron
12100,medichecks.com,blood work test near me
12100,thriva.co,nightshades
12100,forthwithlife.co.uk,forth
12100,vitall.co.uk,mchc blood test
12100,vitall.co.uk,blood test mchc
12100,vitall.co.uk,count of lymphocytes
9900,thriva.co,hormonal imbalancement
9900,thriva.co,imbalance hormones
9900,thriva.co,imbalanced hormones
9900,thriva.co,what is cholesterol
9900,forthwithlife.co.uk,high-intensity exercise
9900,vitall.co.uk,blood analysis mch
9900,vitall.co.uk,blood test mean corpuscular hemoglobin
8100,thriva.co,bilirubin levels
8100,thriva.co,high cortisol level
8100,thriva.co,serum gamma gt level
8100,forthwithlife.co.uk,mean cell hemoglobin
8100,forthwithlife.co.uk,corpuscular haemoglobin
8100,forthwithlife.co.uk,mean cell haemoglobin
8100,forthwithlife.co.uk,mean corpuscular haemoglobin
8100,forthwithlife.co.uk,mean corpuscular hemoglobin
8100,forthwithlife.co.uk,corpuscular hemoglobin
8100,vitall.co.uk,mcv test
8100,vitall.co.uk,m c v test
6600,medichecks.com,cortisol test
6600,thriva.co,crp test test
6600,thriva.co,ggt blood test
6600,thriva.co,triglyceride levels
6600,forthwithlife.co.uk,mean cell hemoglobin concentration
6600,forthwithlife.co.uk,mean corpuscular hemoglobin concentration
6600,forthwithlife.co.uk,cholesterol levels by age chart
6600,vitall.co.uk,haematocrit pcv low
6600,vitall.co.uk,blood test ggt
5400,thriva.co,serum total bilirubin level
5400,thriva.co,serum total bilirubin levels
5400,thriva.co,liver function
5400,forthwithlife.co.uk,mean cell haemoglobin concentration
5400,forthwithlife.co.uk,bicarbonate
5400,forthwithlife.co.uk,mean corpuscular concentration
5400,forthwithlife.co.uk,mean corpusc hb conc mchc
5400,forthwithlife.co.uk,what is ferritin
5400,vitall.co.uk,lab test hemoglobin
4400,thriva.co,folate b9
4400,forthwithlife.co.uk,mean cell hemoglobin level
4400,forthwithlife.co.uk,monthly hormone cycle
4400,forthwithlife.co.uk,mean cell haemoglobin level
4400,forthwithlife.co.uk,na serum levels
4400,vitall.co.uk,alp blood test
4400,vitall.co.uk,blood test alp
4400,vitall.co.uk,cholesterol uk levels
4400,vitall.co.uk,cortisol reduction
4400,vitall.co.uk,lab test alkaline phosphatase
3600,medichecks.com,allergy screen blood test
3600,medichecks.com,testos blood test
3600,medichecks.com,testosterone on blood test
3600,medichecks.com,blood testing testosterone
3600,medichecks.com,hormone tests
3600,thriva.co,creatinine on blood test
3600,thriva.co,cre blood test
3600,forthwithlife.co.uk,free androgen index
3600,forthwithlife.co.uk,sources of vitamin b12
3600,vitall.co.uk,hct pcv high
3600,vitall.co.uk,haematocrit pcv high
3600,vitall.co.uk,mpv blood test
3600,vitall.co.uk,hiv test kit
3600,vitall.co.uk,vitamin deficiency
2900,medichecks.com,home blood analysis
2900,medichecks.com,home blood testing
2900,medichecks.com,home blood tests
2900,medichecks.com,blood test cortisol
2900,medichecks.com,natural glp 1
2900,medichecks.com,amrap
2900,medichecks.com,best vitamin d supplement uk
2900,medichecks.com,blood analysis at home
2900,medichecks.com,blood test from home
2900,medichecks.com,blood tests at home
2900,medichecks.com,bmi winterbourne hospital
2900,medichecks.com,cortisol blood test
2900,thriva.co,blood test at home
2900,thriva.co,home.blood test
2900,thriva.co,serum bilirubin level
2900,thriva.co,symptoms of hormonal imbalance
2900,thriva.co,home cholesterol tests
2900,forthwithlife.co.uk,hemoglobin concentration high
2900,vitall.co.uk,healthy cholesterol range uk
2900,vitall.co.uk,blood test mpv
2900,vitall.co.uk,normal cholesterol range uk
2900,vitall.co.uk,mpv fl blood test
2900,vitall.co.uk,mpv lab test
2900,vitall.co.uk,mpv on blood test
2900,vitall.co.uk,blood report mpv
2400,medichecks.com,amrap meaning
2400,medichecks.com,how to test testosterone levels
2400,medichecks.com,how to test level of testosterone
2400,thriva.co,bilirubin normal value
2400,thriva.co,bilirubin healthy range
2400,thriva.co,hormones blood test
2400,thriva.co,bilirubin normal levels
2400,thriva.co,what are triglycerides
2400,forthwithlife.co.uk,transferrin saturation index
2400,forthwithlife.co.uk,what level of alkaline phosphatase is dangerous
2400,forthwithlife.co.uk,sodium level
2400,forthwithlife.co.uk,na levels
2400,forthwithlife.co.uk,transferrin saturation low
2400,forthwithlife.co.uk,cholesterol screening kits
2400,forthwithlife.co.uk,gamma gt high
2400,forthwithlife.co.uk,gamma-gt high
2400,vitall.co.uk,blood test neutrophils
2400,vitall.co.uk,neutrophils blood test
2400,vitall.co.uk,what is haemoglobin blood test
2400,vitall.co.uk,how to eliminate cortisol naturally
2400,vitall.co.uk,inflammation marker blood test
2400,vitall.co.uk,neut blood test
2400,vitall.co.uk,cholesterol kit test
2400,vitall.co.uk,cholesterol screening kit
2400,vitall.co.uk,blood test mchc low
2400,vitall.co.uk,how to decrease cortisol
2400,vitall.co.uk,inflammation markers blood test
2400,vitall.co.uk,cholesterol measurement kit
2400,vitall.co.uk,cholesterol test kit
1900,medichecks.com,test level check
1900,medichecks.com,testing levels of testosterone
1900,medichecks.com,testosterone check kit
1900,medichecks.com,testosterone level check
1900,medichecks.com,testosterone testing kit
1900,medichecks.com,testosterone testing uk
1900,medichecks.com,testosterone tests uk
1900,medichecks.com,checking test levels
1900,medichecks.com,cortisol levels test
1900,medichecks.com,insulin resistance test
1900,medichecks.com,cortisol levels check
1900,thriva.co,gene methylation test
1900,thriva.co,genetic methylation test
1900,thriva.co,methylation gene test
1900,thriva.co,methylation gene testing
1900,thriva.co,do eggs contain iron
1900,thriva.co,vitamin deficiency check
1900,thriva.co,vitamins deficiency test
1900,thriva.co,what food has iron
1900,thriva.co,new pyramid of food
1900,forthwithlife.co.uk,mean cell hemoglobin concentration high
1900,forthwithlife.co.uk,food of energy
1900,forthwithlife.co.uk,lh hormone
1900,forthwithlife.co.uk,normal albumin levels
1900,forthwithlife.co.uk,normal iron count
1900,forthwithlife.co.uk,normal iron level
1900,vitall.co.uk,peripheral blood test
1900,vitall.co.uk,what is lab test mch
1900,vitall.co.uk,mean platelet volume
1900,vitall.co.uk,mean platelet value
1900,vitall.co.uk,vitamin deficiency test
1900,vitall.co.uk,blood film
1900,vitall.co.uk,is folate iron
1900,vitall.co.uk,mpv platelets
1900,vitall.co.uk,cortisol level check
1900,vitall.co.uk,is sodium a salt
1900,vitall.co.uk,gut health checks
1600,medichecks.com,at home blood test
1600,medichecks.com,at home blood tests
1600,medichecks.com,blood test uk
1600,medichecks.com,serum testosterone level
1600,medichecks.com,testosterone levels in males
1600,medichecks.com,testosterone levels in man
1600,medichecks.com,blood tests uk
1600,medichecks.com,homocysteine test
1600,medichecks.com,progesterone test
1600,medichecks.com,at home blood testing
1600,medichecks.com,emoms
1600,thriva.co,vitamin b9 deficiency
1600,thriva.co,nightshade allergy
1600,thriva.co,nightshades allergy
1600,thriva.co,serum gamma gt
1600,forthwithlife.co.uk,mean cell haemoglobin concentration high
1600,forthwithlife.co.uk,serum urea level high
1600,forthwithlife.co.uk,evorel conti patches reviews
1600,forthwithlife.co.uk,high mean cell haemoglobin concentration
1600,forthwithlife.co.uk,normal ferritin levels by age
1600,forthwithlife.co.uk,mean corpuscular hemoglobin concentration high
1600,vitall.co.uk,eosinophils blood test
1600,vitall.co.uk,blood test potassium
1600,vitall.co.uk,liver function of
1600,vitall.co.uk,potassium blood test
1600,vitall.co.uk,alcohol tests
1600,vitall.co.uk,wbc total count
1600,vitall.co.uk,cholesterol check home kit
1600,vitall.co.uk,cholesterol home test kit
1600,vitall.co.uk,cholesterol test kit home
1600,vitall.co.uk,home testing cholesterol kit
1600,vitall.co.uk,how do i lower my cortisol levels
1600,vitall.co.uk,vitals
1600,vitall.co.uk,health mot
1600,vitall.co.uk,signs and symptoms of vitamin deficiency
1600,vitall.co.uk,total white cell count
1600,vitall.co.uk,anti ccp antibodies
1600,vitall.co.uk,folic deficiency anaemia
1600,vitall.co.uk,home cholesterol test kit
1600,vitall.co.uk,balance my hormones
1300,medichecks.com,emom meaning
1300,medichecks.com,blood test for magnesium
1300,medichecks.com,home blood test kit
1300,medichecks.com,alt normal value
1300,thriva.co,methylation testing
1300,thriva.co,serum total bilirubin
1300,thriva.co,qfit
1300,thriva.co,high cortisol means
1300,thriva.co,high cortisol level symptoms
1300,thriva.co,hormonal imbalances test
1300,thriva.co,bilirubin high
1300,thriva.co,hormones checked for imbalances
1300,thriva.co,total bilirubin serum
1300,thriva.co,bilirubin total serum
1300,thriva.co,do exercise increase testosterone
1300,thriva.co,does testosterone increase with exercise
1300,thriva.co,hormonal imbalance testing
1300,thriva.co,how to improve liver function test
1300,forthwithlife.co.uk,menstruation hormone chart
1300,forthwithlife.co.uk,menstruation hormones chart
1300,forthwithlife.co.uk,normal value of urea
1300,forthwithlife.co.uk,blood test monocytes
1300,forthwithlife.co.uk,urea normal levels
1300,forthwithlife.co.uk,can exercise increase testosterone
1300,forthwithlife.co.uk,does exercise boost testosterone
1300,forthwithlife.co.uk,does working out increase testosterone
1300,forthwithlife.co.uk,luteinizing hormone meaning
1300,forthwithlife.co.uk,mean cell hemoglobin concentration low
1300,forthwithlife.co.uk,n a blood test
1300,forthwithlife.co.uk,urea normal value
1300,forthwithlife.co.uk,will exercise increase testosterone
1300,forthwithlife.co.uk,does exercise increase testosterone
1300,forthwithlife.co.uk,low mean cell haemoglobin concentration
1300,forthwithlife.co.uk,luteinizing hormone definition
1300,forthwithlife.co.uk,mean cell haemoglobin concentration low
1300,forthwithlife.co.uk,meaning of /lh
1300,forthwithlife.co.uk,na blood test
1300,forthwithlife.co.uk,urea normal level
1300,forthwithlife.co.uk,where testosterone produced
1300,forthwithlife.co.uk,lh hormone definition
1300,vitall.co.uk,lymphocytes blood test
1300,vitall.co.uk,monocytes blood test
1300,vitall.co.uk,72/4
1300,vitall.co.uk,can you get an std from oral sex
1300,vitall.co.uk,reduce cortisol naturally
1000,medichecks.com,blood test for hair loss
1000,medichecks.com,blood test hair loss
1000,medichecks.com,complete blood test uk
1000,medichecks.com,hormones males
1000,medichecks.com,hormones of male
1000,medichecks.com,blood test kit
1000,medichecks.com,blood testing kits
1000,medichecks.com,blood tests kits
1000,medichecks.com,fbc blood test uk
1000,medichecks.com,hair loss blood test
1000,medichecks.com,home blood tests kit
1000,medichecks.com,blood test kit at home
1000,medichecks.com,folate normal level
1000,medichecks.com,full blood test uk
1000,medichecks.com,full blood tests uk
1000,medichecks.com,globulin blood test
1000,medichecks.com,how much protein can you absorb in one meal
1000,thriva.co,what are vitamins
1000,thriva.co,lipoprotein test
1000,thriva.co,coming off the contraceptive pill
1000,thriva.co,coming off the contraceptive pill side effects
1000,thriva.co,side effects of coming off the contraceptive pill
1000,thriva.co,anaemia foods
1000,thriva.co,anemia food
1000,thriva.co,bilirubin to high
1000,thriva.co,ggt test
1000,thriva.co,eggs for iron
1000,thriva.co,gamma glutamyl transferase test
1000,thriva.co,gamma gt test
1000,forthwithlife.co.uk,blood urea normal value
1000,forthwithlife.co.uk,normal range of alkaline phosphatase
1000,forthwithlife.co.uk,evorel sequi patches reviews
1000,forthwithlife.co.uk,urea level
1000,forthwithlife.co.uk,what is lh
1000,forthwithlife.co.uk,what is luteinising hormone
1000,forthwithlife.co.uk,energy increasing food
1000,forthwithlife.co.uk,which foods contain b12
1000,forthwithlife.co.uk,energy increasing foods
1000,forthwithlife.co.uk,food for energy boost
1000,forthwithlife.co.uk,food for energy booster
1000,forthwithlife.co.uk,how to raise vitamin d
1000,vitall.co.uk,lab test globulin
1000,vitall.co.uk,blood film test
1000,vitall.co.uk,hb test
1000,vitall.co.uk,mpv mean platelet volume high
1000,vitall.co.uk,high mean platelet volume
1000,vitall.co.uk,anti ccp blood test
1000,vitall.co.uk,platelet volume high
1000,vitall.co.uk,what is f b c
1000,vitall.co.uk,mean platelet volume high
1000,vitall.co.uk,mpv elevated
1000,vitall.co.uk,blood test globulin
1000,vitall.co.uk,haemoglobin levels uk
1000,vitall.co.uk,what is mpv blood test
1000,vitall.co.uk,what is the meaning of mpv in blood test
1000,vitall.co.uk,function of calcium
1000,vitall.co.uk,hb levels uk
1000,vitall.co.uk,what is an mpv blood test
1000,vitall.co.uk,aids test home kit
1000,vitall.co.uk,hemoglobin levels uk
1000,vitall.co.uk,hiv test home testing kits
1000,vitall.co.uk,functions of calcium
1000,vitall.co.uk,home blood test kits
1000,vitall.co.uk,home test kits hiv
880,medichecks.com,cortisol test uk
880,medichecks.com,how to test your testosterone levels
880,medichecks.com,testosterone check
880,medichecks.com,testosterone free levels
880,medichecks.com,well man tests
880,medichecks.com,blood test vitamins
880,medichecks.com,blood testing private
880,medichecks.com,how much protein your body can absorb
880,medichecks.com,test for vitamins
880,medichecks.com,testosterone at home test
880,medichecks.com,testosterone normal levels
880,medichecks.com,132/82 blood pressure
880,medichecks.com,blood tests northwich
880,medichecks.com,cortisol tests uk
880,medichecks.com,herpes test blood
880,medichecks.com,hormone for sex
880,thriva.co,normal bilirubin level
880,thriva.co,normal bilirubin levels
880,thriva.co,us food pyramid
880,thriva.co,gamma gt levels
880,thriva.co,hormones for sex
880,thriva.co,united states food pyramid
880,thriva.co,what food has iron in it
880,thriva.co,gamma gt blood test meaning
880,thriva.co,what is gamma gt
880,thriva.co,which food contain iron
880,thriva.co,apob test
880,thriva.co,bilirubin meaning
880,thriva.co,diet high in iron
880,thriva.co,ggt blood test meaning
880,thriva.co,ggt levels
880,thriva.co,iron in steak
880,thriva.co,what is ggt
880,thriva.co,which food has iron
880,thriva.co,blood test ggt meaning
880,thriva.co,hba1c what is normal range
880,forthwithlife.co.uk,how to test cortisol levels at home
880,forthwithlife.co.uk,evorel 50 patches reviews
880,forthwithlife.co.uk,what is mean cell haemoglobin
880,forthwithlife.co.uk,blood test total protein
880,forthwithlife.co.uk,normal vitamin d levels by age
880,forthwithlife.co.uk,what is high intensity exercise
880,forthwithlife.co.uk,what is high-intensity exercise
880,forthwithlife.co.uk,iron level chart
880,forthwithlife.co.uk,iron levels chart
880,forthwithlife.co.uk,what is normal hba1c by age nhs
880,forthwithlife.co.uk,gamma glutamyl transferase levels
880,vitall.co.uk,low sedimentation rate
880,vitall.co.uk,how to reduce high cortisol levels
880,vitall.co.uk,sedimentation rate low
880,vitall.co.uk,hiv home tests
880,vitall.co.uk,bloods hb
880,vitall.co.uk,protein test
880,vitall.co.uk,how to lower high cortisol levels
880,vitall.co.uk,how avoid diabetes
880,vitall.co.uk,sex hormone
880,vitall.co.uk,sex hormones
880,vitall.co.uk,how to avoid diabetes
880,vitall.co.uk,erythrocyte sedimentation rate low
880,vitall.co.uk,how can i check my cholesterol
880,vitall.co.uk,home aids test
720,medichecks.com,blood test fatigue
720,medichecks.com,health tests
720,medichecks.com,medic checks
720,medichecks.com,normal testosterone levels in males ng/ml
720,medichecks.com,what are normal testosterone levels for a man
720,medichecks.com,what is normal testosterone level for a man
720,medichecks.com,blood test tired
720,medichecks.com,blood test vitamin deficiency
720,medichecks.com,blood tests tiredness
720,medichecks.com,fatigue blood tests
720,medichecks.com,how to check liver function at home
720,medichecks.com,online blood testing
720,medichecks.com,online blood tests
720,medichecks.com,pricking fingers
720,medichecks.com,testing for autoimmune diseases
720,medichecks.com,vitamin blood test
720,medichecks.com,vitamins blood test
720,medichecks.com,autoimmunity test
720,medichecks.com,blood tests vitamin deficiency
720,medichecks.com,cortisol home test
720,medichecks.com,cortisol test home
720,medichecks.com,fatigue blood test
720,medichecks.com,globulin high
720,medichecks.com,high globulin
720,thriva.co,triva
720,thriva.co,blood test hormone levels
720,thriva.co,treat hormonal imbalance
720,thriva.co,apolipoprotein
720,thriva.co,breakfast high in iron
720,thriva.co,check hormones levels
720,thriva.co,blood tests to check hormone levels
720,thriva.co,serum albumin normal range
720,thriva.co,signs of hormonal imbalance
720,thriva.co,hormonal imbalance in ladies
720,thriva.co,how to fix hormonal imbalance
720,thriva.co,serum albumin normal value
720,thriva.co,test hormone levels
720,thriva.co,type cholesterol
720,thriva.co,types of cholesterol
720,thriva.co,what is serum gamma gt level
720,thriva.co,causes of high triglycerides
720,thriva.co,snacks high in iron
720,thriva.co,triglycerides high causes
720,forthwithlife.co.uk,am i perimenopausal quiz
720,forthwithlife.co.uk,progesterone levels
720,forthwithlife.co.uk,test urea
720,forthwithlife.co.uk,hormone cycle
720,forthwithlife.co.uk,foods to help hormone balance
720,forthwithlife.co.uk,b12 vitamin vegetables
720,forthwithlife.co.uk,can weight lifting increase testosterone
720,vitall.co.uk,bicarbonate blood test
720,vitall.co.uk,homa-ir
720,vitall.co.uk,blood test for bicarbonate
720,vitall.co.uk,chloride blood test
720,vitall.co.uk,clotted meaning
720,vitall.co.uk,blood test for chloride
720,vitall.co.uk,pcv in blood test
720,vitall.co.uk,pcv test blood
720,vitall.co.uk,what are normal cholesterol levels uk
720,vitall.co.uk,mdma test kit
720,vitall.co.uk,red blood cell distribution width low
720,vitall.co.uk,what are healthy cholesterol levels uk
720,vitall.co.uk,home test
720,vitall.co.uk,home tests
720,vitall.co.uk,blood testing for alcohol
720,vitall.co.uk,mchc meaning in blood test
720,vitall.co.uk,lowering cortisol levels
720,vitall.co.uk,health test
590,medichecks.com,blood lead level test
590,medichecks.com,blood testing for lead
590,medichecks.com,blood testing service
590,medichecks.com,do guys have hormones
590,medichecks.com,fountain of youth collagen
590,medichecks.com,free test testosterone
590,medichecks.com,home test for liver enzymes
590,medichecks.com,hormone tests for males
590,medichecks.com,how much testosterone do men have
590,medichecks.com,how much testosterone does a man have
590,medichecks.com,iron with ferritin
590,medichecks.com,optimale blood test
590,medichecks.com,testosterone free test
590,medichecks.com,testosterone level
590,medichecks.com,triglyceride and hdl ratio
590,medichecks.com,triglyceride to hdl ratio
590,medichecks.com,triglyceride/hdl ratio
590,medichecks.com,what does amrap mean
590,medichecks.com,what is amrap
590,medichecks.com,blood health test
590,medichecks.com,do men have hormones
590,medichecks.com,does men have hormones
590,medichecks.com,full vitamin and mineral blood test uk
590,medichecks.com,home liver function test
590,medichecks.com,home liver test
590,medichecks.com,home liver tests
590,medichecks.com,home test liver function
590,medichecks.com,lead level in blood test
590,medichecks.com,liver function home test
590,medichecks.com,macros vs micros
590,medichecks.com,male hormones test
590,medichecks.com,micros vs macros
590,medichecks.com,test liver enzymes at home
590,medichecks.com,uk blood tests private
590,medichecks.com,vitamin b12 test at home
590,medichecks.com,best magnesium tablet
590,medichecks.com,blood tests health check
590,medichecks.com,health blood test
590,medichecks.com,health check blood test
590,medichecks.com,homocysteine blood test
590,thriva.co,do baked beans contain iron
590,thriva.co,does baked beans contain iron
590,thriva.co,d2 vs d3 vitamin
590,thriva.co,do baked beans have iron
590,thriva.co,thriver
590,thriva.co,blood tests for health
590,thriva.co,what causes imbalanced hormones
590,thriva.co,are eggs high in iron
590,thriva.co,b9 deficiency symptoms
590,thriva.co,how much iron in beef steak
590,thriva.co,vitamin b9 deficiency symptoms
590,thriva.co,vitamin d2 vs d3
590,thriva.co,what are causes of hormonal imbalance
590,thriva.co,b9 vitamin deficiency symptoms
590,thriva.co,high urate causes
590,thriva.co,uric acid high reasons
590,thriva.co,what are the causes of hormonal imbalances
590,thriva.co,what is hormone balance
590,thriva.co,what food gives you iron
590,thriva.co,foods with lots of iron
590,thriva.co,low bilirubin
590,thriva.co,uric acid high reason
590,thriva.co,elevated bilirubin symptoms
590,thriva.co,how to check your cholesterol at home
590,thriva.co,how to get more iron in my diet
590,thriva.co,plasma gamma gt level
590,forthwithlife.co.uk,how to lower ferritin levels
590,forthwithlife.co.uk,mchc reference range
590,forthwithlife.co.uk,mean cell hemoglobin concentration normal range
590,forthwithlife.co.uk,normal mchc value
590,forthwithlife.co.uk,vitamin d levels in uk
590,forthwithlife.co.uk,how to decrease ferritin levels
590,forthwithlife.co.uk,how to reduce ferritin levels
590,forthwithlife.co.uk,how to test for magnesium deficiency at home
590,forthwithlife.co.uk,mean corpuscular hemoglobin concentration normal range
590,forthwithlife.co.uk,normal total protein levels
590,forthwithlife.co.uk,vegetables vitamin b12
590,forthwithlife.co.uk,vitamin b12 vegetables
590,forthwithlife.co.uk,mean corpuscular haemoglobin low
590,forthwithlife.co.uk,vitamin b 12 vegetables
590,forthwithlife.co.uk,mchc normal range
590,forthwithlife.co.uk,period cycle graph
590,forthwithlife.co.uk,can running increase testosterone
590,forthwithlife.co.uk,does running increase testosterone
590,forthwithlife.co.uk,lh function
590,vitall.co.uk,hypo versus hyperthyroidism
590,vitall.co.uk,glycated haemoglobin
590,vitall.co.uk,serum iron
590,vitall.co.uk,low immune system tests
590,vitall.co.uk,total protein
590,vitall.co.uk,stress and cortisol
590,vitall.co.uk,test for hepatitis
590,vitall.co.uk,cortisol stress
590,vitall.co.uk,body mots
590,vitall.co.uk,low calcium in blood test
590,vitall.co.uk,how do i reduce my cortisol level
590,vitall.co.uk,mpv blood test high
590,vitall.co.uk,at home test diabetes
590,vitall.co.uk,normal red blood cell count
590,vitall.co.uk,how to manage cortisol levels
590,vitall.co.uk,vitamin b12 home test
590,vitall.co.uk,blood test time for results